{"cameraMode":{"drawMode":0,"name":"Shaded","section":"Shading Mode"},"sceneLighting":false,"audioPlay":false,"sceneViewState":{"showFog":true,"showMaterialUpdate":false,"showSkybox":true,"showFlares":true,"showImageEffects":true,"showParticleSystems":true},"in2DMode":false,"pivot":{"x":265.00457763671877,"y":118.69625854492188,"z":-15.961517333984375},"rotation":{"x":-0.06763452291488648,"y":-0.060127489268779758,"z":0.004084694664925337,"w":-0.995891809463501},"size":414.0264587402344,"orthographic":false}