{"cameraMode":{"drawMode":0,"name":"Shaded","section":"Shading Mode"},"sceneLighting":false,"audioPlay":false,"sceneViewState":{"showFog":true,"showMaterialUpdate":false,"showSkybox":true,"showFlares":true,"showImageEffects":true,"showParticleSystems":true},"in2DMode":false,"pivot":{"x":-3.2532882690429689,"y":-14.892374992370606,"z":20.233936309814454},"rotation":{"x":-0.3029519021511078,"y":0.01114761270582676,"z":-0.0035433347802609207,"w":-0.9529373645782471},"size":46.63599395751953,"orthographic":false}