{"cameraMode":{"drawMode":0,"name":"Shaded","section":"Shading Mode"},"sceneLighting":false,"audioPlay":false,"sceneViewState":{"showFog":true,"showMaterialUpdate":false,"showSkybox":true,"showFlares":true,"showImageEffects":true,"showParticleSystems":true},"in2DMode":false,"pivot":{"x":2.4868557453155519,"y":1.106787919998169,"z":-1.8538587093353272},"rotation":{"x":-0.14972491562366486,"y":0.016014259308576585,"z":-0.002424594247713685,"w":-0.988598108291626},"size":22.02768898010254,"orthographic":false}