{"cameraMode":{"drawMode":0,"name":"Shaded","section":"Shading Mode"},"sceneLighting":false,"audioPlay":false,"sceneViewState":{"showFog":true,"showMaterialUpdate":false,"showSkybox":true,"showFlares":true,"showImageEffects":true,"showParticleSystems":true},"in2DMode":false,"pivot":{"x":63.36499786376953,"y":95.0832748413086,"z":-64.67090606689453},"rotation":{"x":0.24773329496383668,"y":-0.15783539414405824,"z":0.040943942964076999,"w":0.9550110101699829},"size":31.907855987548829,"orthographic":false}