{"cameraMode":{"drawMode":0,"name":"Shaded","section":"Shading Mode"},"sceneLighting":false,"audioPlay":false,"sceneViewState":{"showFog":true,"showMaterialUpdate":false,"showSkybox":true,"showFlares":true,"showImageEffects":true,"showParticleSystems":true},"in2DMode":false,"pivot":{"x":3.4877171516418459,"y":-23.064380645751954,"z":14.609911918640137},"rotation":{"x":-0.45915988087654116,"y":-0.02824309654533863,"z":0.014608061872422696,"w":-0.8877875208854675},"size":45.2539176940918,"orthographic":false}