{"cameraMode":{"drawMode":0,"name":"Shaded","section":"Shading Mode"},"sceneLighting":false,"audioPlay":false,"sceneViewState":{"showFog":true,"showMaterialUpdate":false,"showSkybox":true,"showFlares":true,"showImageEffects":true,"showParticleSystems":true},"in2DMode":false,"pivot":{"x":-1.5773036479949952,"y":-0.3060150146484375,"z":-3.8930416107177736},"rotation":{"x":0.44012677669525149,"y":-0.04333297163248062,"z":0.021270452067255975,"w":0.8966428637504578},"size":24.845407485961915,"orthographic":false}