{"cameraMode":{"drawMode":0,"name":"Shaded","section":"Shading Mode"},"sceneLighting":false,"audioPlay":false,"sceneViewState":{"showFog":true,"showMaterialUpdate":false,"showSkybox":true,"showFlares":true,"showImageEffects":true,"showParticleSystems":true},"in2DMode":false,"pivot":{"x":266.7971496582031,"y":146.33151245117188,"z":38.90838623046875},"rotation":{"x":-0.009298760443925858,"y":0.0476774163544178,"z":-0.00044301871093921363,"w":-0.9988222718238831},"size":491.2248840332031,"orthographic":false}