{"cameraMode":{"drawMode":0,"name":"Shaded","section":"Shading Mode"},"sceneLighting":false,"audioPlay":false,"sceneViewState":{"showFog":true,"showMaterialUpdate":false,"showSkybox":true,"showFlares":true,"showImageEffects":true,"showParticleSystems":true},"in2DMode":false,"pivot":{"x":-5.906890869140625,"y":4.109375,"z":-3.1845703125},"rotation":{"x":-0.47916021943092348,"y":0.018167436122894288,"z":-0.009913959540426731,"w":-0.8774929046630859},"size":9.600350379943848,"orthographic":true}